AlarmName;AlarmDescription;Namespace;Dimensions;Statistic;MetricName;ComparisonOperator;Threshold;Period;DatapointsToAlarm;EvaluationPeriods;TreatMissingData;Unit;ActionsEnabled;AlarmActions;OKActions
EC2_Jenkins_high-cpu;EC2_Jenkins_high-cpu;AWS/EC2;Value=i-026c5d51534d04eda,Name=InstanceId;Average;CPUUtilization;GreaterThanThreshold;90;120;2;3;null;Percent;true;arn:aws:sns:eu-west-1:895782643746:stage-aws-services-alarms;arn:aws:sns:eu-west-1:895782643746:stage-aws-services-alarms
EC2_Jenkins_status-failed;EC2_Jenkins_status-failed;AWS/EC2;Value=i-026c5d51534d04eda,Name=InstanceId;Maximum;StatusCheckFailed;GreaterThanThreshold;0;120;1;1;null;Count;true;arn:aws:sns:eu-west-1:895782643746:stage-aws-services-alarms;arn:aws:sns:eu-west-1:895782643746:stage-aws-services-alarms
EC2_deployment-controller_high-cpu;EC2_deployment-controller_high-cpu;AWS/EC2;Value=i-058c47308a5ce17d4,Name=InstanceId;Average;CPUUtilization;GreaterThanThreshold;90;120;2;3;null;Percent;true;arn:aws:sns:eu-west-1:895782643746:stage-aws-services-alarms;arn:aws:sns:eu-west-1:895782643746:stage-aws-services-alarms
EC2_deployment-controller_status-failed;EC2_deployment-controller_status-failed;AWS/EC2;Value=i-058c47308a5ce17d4,Name=InstanceId;Maximum;StatusCheckFailed;GreaterThanThreshold;0;120;1;1;null;Count;true;arn:aws:sns:eu-west-1:895782643746:stage-aws-services-alarms;arn:aws:sns:eu-west-1:895782643746:stage-aws-services-alarms
EC2_geo-ip_high-cpu;EC2_geo-ip_high-cpu;AWS/EC2;Value=i-052e778245d5f7f53,Name=InstanceId;Average;CPUUtilization;GreaterThanThreshold;90;120;2;3;null;Percent;true;arn:aws:sns:eu-west-1:895782643746:stage-aws-services-alarms;arn:aws:sns:eu-west-1:895782643746:stage-aws-services-alarms
EC2_geo-ip_status-failed;EC2_geo-ip_status-failed;AWS/EC2;Value=i-052e778245d5f7f53,Name=InstanceId;Maximum;StatusCheckFailed;GreaterThanThreshold;0;120;1;1;null;Count;true;arn:aws:sns:eu-west-1:895782643746:stage-aws-services-alarms;arn:aws:sns:eu-west-1:895782643746:stage-aws-services-alarms
EC2_nexus3-artifact-repository_high-cpu;EC2_nexus3-artifact-repository_high-cpu;AWS/EC2;Value=i-b26de539,Name=InstanceId;Average;CPUUtilization;GreaterThanThreshold;90;120;2;3;null;Percent;true;arn:aws:sns:eu-west-1:895782643746:stage-aws-services-alarms;arn:aws:sns:eu-west-1:895782643746:stage-aws-services-alarms
EC2_nexus3-artifact-repository_status-failed;EC2_nexus3-artifact-repository_status-failed;AWS/EC2;Value=i-b26de539,Name=InstanceId;Maximum;StatusCheckFailed;GreaterThanThreshold;0;120;1;1;null;Count;true;arn:aws:sns:eu-west-1:895782643746:stage-aws-services-alarms;arn:aws:sns:eu-west-1:895782643746:stage-aws-services-alarms
EC2_staging-docker-build_high-cpu;EC2_staging-docker-build_high-cpu;AWS/EC2;Value=i-027538d3d585fd216,Name=InstanceId;Average;CPUUtilization;GreaterThanThreshold;90;120;2;3;null;Percent;true;arn:aws:sns:eu-west-1:895782643746:stage-aws-services-alarms;arn:aws:sns:eu-west-1:895782643746:stage-aws-services-alarms
EC2_staging-docker-build_status-failed;EC2_staging-docker-build_status-failed;AWS/EC2;Value=i-027538d3d585fd216,Name=InstanceId;Maximum;StatusCheckFailed;GreaterThanThreshold;0;120;1;1;null;Count;true;arn:aws:sns:eu-west-1:895782643746:stage-aws-services-alarms;arn:aws:sns:eu-west-1:895782643746:stage-aws-services-alarms
EC2_staging-hystrix-dashboard_high-cpu;EC2_staging-hystrix-dashboard_high-cpu;AWS/EC2;Value=i-0734f03716b1337d8,Name=InstanceId;Average;CPUUtilization;GreaterThanThreshold;90;120;2;3;null;Percent;true;arn:aws:sns:eu-west-1:895782643746:stage-aws-services-alarms;arn:aws:sns:eu-west-1:895782643746:stage-aws-services-alarms
EC2_staging-hystrix-dashboard_status-failed;EC2_staging-hystrix-dashboard_status-failed;AWS/EC2;Value=i-0734f03716b1337d8,Name=InstanceId;Maximum;StatusCheckFailed;GreaterThanThreshold;0;120;1;1;null;Count;true;arn:aws:sns:eu-west-1:895782643746:stage-aws-services-alarms;arn:aws:sns:eu-west-1:895782643746:stage-aws-services-alarms
EC2_staging-log-publisher_high-cpu;EC2_staging-log-publisher_high-cpu;AWS/EC2;Value=i-0dea6bac570d15688,Name=InstanceId;Average;CPUUtilization;GreaterThanThreshold;90;120;2;3;null;Percent;true;arn:aws:sns:eu-west-1:895782643746:stage-aws-services-alarms;arn:aws:sns:eu-west-1:895782643746:stage-aws-services-alarms
EC2_staging-log-publisher_status-failed;EC2_staging-log-publisher_status-failed;AWS/EC2;Value=i-0dea6bac570d15688,Name=InstanceId;Maximum;StatusCheckFailed;GreaterThanThreshold;0;120;1;1;null;Count;true;arn:aws:sns:eu-west-1:895782643746:stage-aws-services-alarms;arn:aws:sns:eu-west-1:895782643746:stage-aws-services-alarms
EC2_staging-prometheus-server_high-cpu;EC2_staging-prometheus-server_high-cpu;AWS/EC2;Value=i-0a5791aa5b45e71ec,Name=InstanceId;Average;CPUUtilization;GreaterThanThreshold;90;120;2;3;null;Percent;true;arn:aws:sns:eu-west-1:895782643746:stage-aws-services-alarms;arn:aws:sns:eu-west-1:895782643746:stage-aws-services-alarms
EC2_staging-prometheus-server_status-failed;EC2_staging-prometheus-server_status-failed;AWS/EC2;Value=i-0a5791aa5b45e71ec,Name=InstanceId;Maximum;StatusCheckFailed;GreaterThanThreshold;0;120;1;1;null;Count;true;arn:aws:sns:eu-west-1:895782643746:stage-aws-services-alarms;arn:aws:sns:eu-west-1:895782643746:stage-aws-services-alarms
EC2_staging-proxy-server-to-access-to-main_high-cpu;EC2_staging-proxy-server-to-access-to-main_high-cpu;AWS/EC2;Value=i-2a6b831b,Name=InstanceId;Average;CPUUtilization;GreaterThanThreshold;90;120;2;3;null;Percent;true;arn:aws:sns:eu-west-1:895782643746:stage-aws-services-alarms;arn:aws:sns:eu-west-1:895782643746:stage-aws-services-alarms
EC2_staging-proxy-server-to-access-to-main_status-failed;EC2_staging-proxy-server-to-access-to-main_status-failed;AWS/EC2;Value=i-2a6b831b,Name=InstanceId;Maximum;StatusCheckFailed;GreaterThanThreshold;0;120;1;1;null;Count;true;arn:aws:sns:eu-west-1:895782643746:stage-aws-services-alarms;arn:aws:sns:eu-west-1:895782643746:stage-aws-services-alarms
EC2_staging-smpp-vpn_high-cpu;EC2_staging-smpp-vpn_high-cpu;AWS/EC2;Value=i-430aa1c8,Name=InstanceId;Average;CPUUtilization;GreaterThanThreshold;90;120;2;3;null;Percent;true;arn:aws:sns:eu-west-1:895782643746:stage-aws-services-alarms;arn:aws:sns:eu-west-1:895782643746:stage-aws-services-alarms
EC2_staging-smpp-vpn_status-failed;EC2_staging-smpp-vpn_status-failed;AWS/EC2;Value=i-430aa1c8,Name=InstanceId;Maximum;StatusCheckFailed;GreaterThanThreshold;0;120;1;1;null;Count;true;arn:aws:sns:eu-west-1:895782643746:stage-aws-services-alarms;arn:aws:sns:eu-west-1:895782643746:stage-aws-services-alarms
ELB_app/staging-billing-cdr-internal-alb/688756b7c7abd864_4XX;ELB_app/staging-billing-cdr-internal-alb/688756b7c7abd864_4XX;AWS/ApplicationELB;Value=app/staging-billing-cdr-internal-alb/688756b7c7abd864,Name=LoadBalancer;Sum;HTTPCode_Backend_4XX;GreaterThanThreshold;5;60;2;3;notBreaching;null;true;arn:aws:sns:eu-west-1:895782643746:stage-aws-services-alarms;arn:aws:sns:eu-west-1:895782643746:stage-aws-services-alarms
ELB_app/staging-billing-cdr-internal-alb/688756b7c7abd864_5XX;ELB_app/staging-billing-cdr-internal-alb/688756b7c7abd864_5XX;AWS/ApplicationELB;Value=app/staging-billing-cdr-internal-alb/688756b7c7abd864,Name=LoadBalancer;Sum;HTTPCode_Backend_5XX;GreaterThanOrEqualToThreshold;2;60;2;3;notBreaching;null;true;arn:aws:sns:eu-west-1:895782643746:stage-aws-services-alarms;arn:aws:sns:eu-west-1:895782643746:stage-aws-services-alarms
ELB_app/staging-billing-cdr-internal-alb/688756b7c7abd864_backend-errors;ELB_app/staging-billing-cdr-internal-alb/688756b7c7abd864_backend-errors;AWS/ApplicationELB;Value=app/staging-billing-cdr-internal-alb/688756b7c7abd864,Name=LoadBalancer;Sum;TargetConnectionErrorCount;GreaterThanThreshold;1;60;2;3;notBreaching;null;true;arn:aws:sns:eu-west-1:895782643746:stage-aws-services-alarms;arn:aws:sns:eu-west-1:895782643746:stage-aws-services-alarms
ELB_app/staging-billing-cdr-internal-alb/688756b7c7abd864_high-latency;ELB_app/staging-billing-cdr-internal-alb/688756b7c7abd864_high-latency;AWS/ApplicationELB;Value=app/staging-billing-cdr-internal-alb/688756b7c7abd864,Name=LoadBalancer;Average;TargetResponseTime;GreaterThanThreshold;30;60;2;3;notBreaching;Seconds;true;arn:aws:sns:eu-west-1:895782643746:stage-aws-services-alarms;arn:aws:sns:eu-west-1:895782643746:stage-aws-services-alarms
ELB_app/staging-billing-cdr-internal-alb/688756b7c7abd864_high-latency-urgent;ELB_app/staging-billing-cdr-internal-alb/688756b7c7abd864_high-latency-urgent;AWS/ApplicationELB;Value=app/staging-billing-cdr-internal-alb/688756b7c7abd864,Name=LoadBalancer;Average;TargetResponseTime;GreaterThanThreshold;30;60;4;5;notBreaching;Seconds;true;arn:aws:sns:eu-west-1:895782643746:stage-aws-services-alarms;arn:aws:sns:eu-west-1:895782643746:stage-aws-services-alarms
ELB_app/test-staging-push-service-alb/8a51fc86dc5140e3_4XX;ELB_app/test-staging-push-service-alb/8a51fc86dc5140e3_4XX;AWS/ApplicationELB;Value=app/test-staging-push-service-alb/8a51fc86dc5140e3,Name=LoadBalancer;Sum;HTTPCode_Backend_4XX;GreaterThanThreshold;5;60;2;3;notBreaching;null;true;arn:aws:sns:eu-west-1:895782643746:stage-aws-services-alarms;arn:aws:sns:eu-west-1:895782643746:stage-aws-services-alarms
ELB_app/test-staging-push-service-alb/8a51fc86dc5140e3_5XX;ELB_app/test-staging-push-service-alb/8a51fc86dc5140e3_5XX;AWS/ApplicationELB;Value=app/test-staging-push-service-alb/8a51fc86dc5140e3,Name=LoadBalancer;Sum;HTTPCode_Backend_5XX;GreaterThanOrEqualToThreshold;2;60;2;3;notBreaching;null;true;arn:aws:sns:eu-west-1:895782643746:stage-aws-services-alarms;arn:aws:sns:eu-west-1:895782643746:stage-aws-services-alarms
ELB_app/test-staging-push-service-alb/8a51fc86dc5140e3_backend-errors;ELB_app/test-staging-push-service-alb/8a51fc86dc5140e3_backend-errors;AWS/ApplicationELB;Value=app/test-staging-push-service-alb/8a51fc86dc5140e3,Name=LoadBalancer;Sum;TargetConnectionErrorCount;GreaterThanThreshold;1;60;2;3;notBreaching;null;true;arn:aws:sns:eu-west-1:895782643746:stage-aws-services-alarms;arn:aws:sns:eu-west-1:895782643746:stage-aws-services-alarms
ELB_app/test-staging-push-service-alb/8a51fc86dc5140e3_high-latency;ELB_app/test-staging-push-service-alb/8a51fc86dc5140e3_high-latency;AWS/ApplicationELB;Value=app/test-staging-push-service-alb/8a51fc86dc5140e3,Name=LoadBalancer;Average;TargetResponseTime;GreaterThanThreshold;30;60;2;3;notBreaching;Seconds;true;arn:aws:sns:eu-west-1:895782643746:stage-aws-services-alarms;arn:aws:sns:eu-west-1:895782643746:stage-aws-services-alarms
ELB_app/test-staging-push-service-alb/8a51fc86dc5140e3_high-latency-urgent;ELB_app/test-staging-push-service-alb/8a51fc86dc5140e3_high-latency-urgent;AWS/ApplicationELB;Value=app/test-staging-push-service-alb/8a51fc86dc5140e3,Name=LoadBalancer;Average;TargetResponseTime;GreaterThanThreshold;30;60;4;5;notBreaching;Seconds;true;arn:aws:sns:eu-west-1:895782643746:stage-aws-services-alarms;arn:aws:sns:eu-west-1:895782643746:stage-aws-services-alarms
ELB_smpp-staging-elb_4XX;ELB_smpp-staging-elb_4XX;AWS/ELB;Value=smpp-staging-elb,Name=LoadBalancerName;Sum;HTTPCode_Backend_4XX;GreaterThanThreshold;5;60;2;3;notBreaching;null;true;arn:aws:sns:eu-west-1:895782643746:stage-aws-services-alarms;arn:aws:sns:eu-west-1:895782643746:stage-aws-services-alarms
ELB_smpp-staging-elb_5XX;ELB_smpp-staging-elb_5XX;AWS/ELB;Value=smpp-staging-elb,Name=LoadBalancerName;Sum;HTTPCode_Backend_5XX;GreaterThanOrEqualToThreshold;2;60;2;3;notBreaching;null;true;arn:aws:sns:eu-west-1:895782643746:stage-aws-services-alarms;arn:aws:sns:eu-west-1:895782643746:stage-aws-services-alarms
ELB_smpp-staging-elb_backend-errors;ELB_smpp-staging-elb_backend-errors;AWS/ELB;Value=smpp-staging-elb,Name=LoadBalancerName;Sum;BackendConnectionErrors;GreaterThanThreshold;1;60;2;3;notBreaching;null;true;arn:aws:sns:eu-west-1:895782643746:stage-aws-services-alarms;arn:aws:sns:eu-west-1:895782643746:stage-aws-services-alarms
ELB_smpp-staging-elb_high-latency;ELB_smpp-staging-elb_high-latency;AWS/ELB;Value=smpp-staging-elb,Name=LoadBalancerName;Average;Latency;GreaterThanThreshold;0.3;60;2;3;notBreaching;Seconds;true;arn:aws:sns:eu-west-1:895782643746:stage-aws-services-alarms;arn:aws:sns:eu-west-1:895782643746:stage-aws-services-alarms
ELB_smpp-staging-elb_high-latency-urgent;ELB_smpp-staging-elb_high-latency-urgent;AWS/ELB;Value=smpp-staging-elb,Name=LoadBalancerName;Average;Latency;GreaterThanThreshold;0.3;60;4;5;notBreaching;Seconds;true;arn:aws:sns:eu-west-1:895782643746:stage-aws-services-alarms;arn:aws:sns:eu-west-1:895782643746:stage-aws-services-alarms
ELB_smpp-staging-elb_no-healthy-hosts;ELB_smpp-staging-elb_no-healthy-hosts;AWS/ELB;Value=smpp-staging-elb,Name=LoadBalancerName;Minimum;HealthyHostCount;LessThanThreshold;1;60;2;3;breaching;null;true;arn:aws:sns:eu-west-1:895782643746:stage-aws-services-alarms;arn:aws:sns:eu-west-1:895782643746:stage-aws-services-alarms
ELB_staging-admin-elb_4XX;ELB_staging-admin-elb_4XX;AWS/ELB;Value=staging-admin-elb,Name=LoadBalancerName;Sum;HTTPCode_Backend_4XX;GreaterThanThreshold;5;60;2;3;notBreaching;null;true;arn:aws:sns:eu-west-1:895782643746:stage-aws-services-alarms;arn:aws:sns:eu-west-1:895782643746:stage-aws-services-alarms
ELB_staging-admin-elb_5XX;ELB_staging-admin-elb_5XX;AWS/ELB;Value=staging-admin-elb,Name=LoadBalancerName;Sum;HTTPCode_Backend_5XX;GreaterThanOrEqualToThreshold;2;60;2;3;notBreaching;null;true;arn:aws:sns:eu-west-1:895782643746:stage-aws-services-alarms;arn:aws:sns:eu-west-1:895782643746:stage-aws-services-alarms
ELB_staging-admin-elb_backend-errors;ELB_staging-admin-elb_backend-errors;AWS/ELB;Value=staging-admin-elb,Name=LoadBalancerName;Sum;BackendConnectionErrors;GreaterThanThreshold;1;60;2;3;notBreaching;null;true;arn:aws:sns:eu-west-1:895782643746:stage-aws-services-alarms;arn:aws:sns:eu-west-1:895782643746:stage-aws-services-alarms
ELB_staging-admin-elb_high-latency;ELB_staging-admin-elb_high-latency;AWS/ELB;Value=staging-admin-elb,Name=LoadBalancerName;Average;Latency;GreaterThanThreshold;0.3;60;2;3;notBreaching;Seconds;true;arn:aws:sns:eu-west-1:895782643746:stage-aws-services-alarms;arn:aws:sns:eu-west-1:895782643746:stage-aws-services-alarms
ELB_staging-admin-elb_high-latency-urgent;ELB_staging-admin-elb_high-latency-urgent;AWS/ELB;Value=staging-admin-elb,Name=LoadBalancerName;Average;Latency;GreaterThanThreshold;0.3;60;4;5;notBreaching;Seconds;true;arn:aws:sns:eu-west-1:895782643746:stage-aws-services-alarms;arn:aws:sns:eu-west-1:895782643746:stage-aws-services-alarms
ELB_staging-admin-elb_no-healthy-hosts;ELB_staging-admin-elb_no-healthy-hosts;AWS/ELB;Value=staging-admin-elb,Name=LoadBalancerName;Minimum;HealthyHostCount;LessThanThreshold;1;60;2;3;breaching;null;true;arn:aws:sns:eu-west-1:895782643746:stage-aws-services-alarms;arn:aws:sns:eu-west-1:895782643746:stage-aws-services-alarms
ELB_staging-alarms-elb_4XX;ELB_staging-alarms-elb_4XX;AWS/ELB;Value=staging-alarms-elb,Name=LoadBalancerName;Sum;HTTPCode_Backend_4XX;GreaterThanThreshold;5;60;2;3;notBreaching;null;true;arn:aws:sns:eu-west-1:895782643746:stage-aws-services-alarms;arn:aws:sns:eu-west-1:895782643746:stage-aws-services-alarms
ELB_staging-alarms-elb_5XX;ELB_staging-alarms-elb_5XX;AWS/ELB;Value=staging-alarms-elb,Name=LoadBalancerName;Sum;HTTPCode_Backend_5XX;GreaterThanOrEqualToThreshold;2;60;2;3;notBreaching;null;true;arn:aws:sns:eu-west-1:895782643746:stage-aws-services-alarms;arn:aws:sns:eu-west-1:895782643746:stage-aws-services-alarms
ELB_staging-alarms-elb_backend-errors;ELB_staging-alarms-elb_backend-errors;AWS/ELB;Value=staging-alarms-elb,Name=LoadBalancerName;Sum;BackendConnectionErrors;GreaterThanThreshold;1;60;2;3;notBreaching;null;true;arn:aws:sns:eu-west-1:895782643746:stage-aws-services-alarms;arn:aws:sns:eu-west-1:895782643746:stage-aws-services-alarms
ELB_staging-alarms-elb_high-latency;ELB_staging-alarms-elb_high-latency;AWS/ELB;Value=staging-alarms-elb,Name=LoadBalancerName;Average;Latency;GreaterThanThreshold;0.3;60;2;3;notBreaching;Seconds;true;arn:aws:sns:eu-west-1:895782643746:stage-aws-services-alarms;arn:aws:sns:eu-west-1:895782643746:stage-aws-services-alarms
ELB_staging-alarms-elb_high-latency-urgent;ELB_staging-alarms-elb_high-latency-urgent;AWS/ELB;Value=staging-alarms-elb,Name=LoadBalancerName;Average;Latency;GreaterThanThreshold;0.3;60;4;5;notBreaching;Seconds;true;arn:aws:sns:eu-west-1:895782643746:stage-aws-services-alarms;arn:aws:sns:eu-west-1:895782643746:stage-aws-services-alarms
ELB_staging-alarms-elb_no-healthy-hosts;ELB_staging-alarms-elb_no-healthy-hosts;AWS/ELB;Value=staging-alarms-elb,Name=LoadBalancerName;Minimum;HealthyHostCount;LessThanThreshold;1;60;2;3;breaching;null;true;arn:aws:sns:eu-west-1:895782643746:stage-aws-services-alarms;arn:aws:sns:eu-west-1:895782643746:stage-aws-services-alarms
ELB_staging-b2c_4XX;ELB_staging-b2c_4XX;AWS/ELB;Value=staging-b2c,Name=LoadBalancerName;Sum;HTTPCode_Backend_4XX;GreaterThanThreshold;5;60;2;3;notBreaching;null;true;arn:aws:sns:eu-west-1:895782643746:stage-aws-services-alarms;arn:aws:sns:eu-west-1:895782643746:stage-aws-services-alarms
ELB_staging-b2c_5XX;ELB_staging-b2c_5XX;AWS/ELB;Value=staging-b2c,Name=LoadBalancerName;Sum;HTTPCode_Backend_5XX;GreaterThanOrEqualToThreshold;2;60;2;3;notBreaching;null;true;arn:aws:sns:eu-west-1:895782643746:stage-aws-services-alarms;arn:aws:sns:eu-west-1:895782643746:stage-aws-services-alarms
ELB_staging-b2c_backend-errors;ELB_staging-b2c_backend-errors;AWS/ELB;Value=staging-b2c,Name=LoadBalancerName;Sum;BackendConnectionErrors;GreaterThanThreshold;1;60;2;3;notBreaching;null;true;arn:aws:sns:eu-west-1:895782643746:stage-aws-services-alarms;arn:aws:sns:eu-west-1:895782643746:stage-aws-services-alarms
ELB_staging-b2c_high-latency;ELB_staging-b2c_high-latency;AWS/ELB;Value=staging-b2c,Name=LoadBalancerName;Average;Latency;GreaterThanThreshold;0.3;60;2;3;notBreaching;Seconds;true;arn:aws:sns:eu-west-1:895782643746:stage-aws-services-alarms;arn:aws:sns:eu-west-1:895782643746:stage-aws-services-alarms
ELB_staging-b2c_high-latency-urgent;ELB_staging-b2c_high-latency-urgent;AWS/ELB;Value=staging-b2c,Name=LoadBalancerName;Average;Latency;GreaterThanThreshold;0.3;60;4;5;notBreaching;Seconds;true;arn:aws:sns:eu-west-1:895782643746:stage-aws-services-alarms;arn:aws:sns:eu-west-1:895782643746:stage-aws-services-alarms
ELB_staging-b2c_no-healthy-hosts;ELB_staging-b2c_no-healthy-hosts;AWS/ELB;Value=staging-b2c,Name=LoadBalancerName;Minimum;HealthyHostCount;LessThanThreshold;1;60;2;3;breaching;null;true;arn:aws:sns:eu-west-1:895782643746:stage-aws-services-alarms;arn:aws:sns:eu-west-1:895782643746:stage-aws-services-alarms
ELB_staging-billing-cdr-internal-elb_4XX;ELB_staging-billing-cdr-internal-elb_4XX;AWS/ELB;Value=staging-billing-cdr-internal-elb,Name=LoadBalancerName;Sum;HTTPCode_Backend_4XX;GreaterThanThreshold;5;60;2;3;notBreaching;null;true;arn:aws:sns:eu-west-1:895782643746:stage-aws-services-alarms;arn:aws:sns:eu-west-1:895782643746:stage-aws-services-alarms
ELB_staging-billing-cdr-internal-elb_5XX;ELB_staging-billing-cdr-internal-elb_5XX;AWS/ELB;Value=staging-billing-cdr-internal-elb,Name=LoadBalancerName;Sum;HTTPCode_Backend_5XX;GreaterThanOrEqualToThreshold;2;60;2;3;notBreaching;null;true;arn:aws:sns:eu-west-1:895782643746:stage-aws-services-alarms;arn:aws:sns:eu-west-1:895782643746:stage-aws-services-alarms
ELB_staging-billing-cdr-internal-elb_backend-errors;ELB_staging-billing-cdr-internal-elb_backend-errors;AWS/ELB;Value=staging-billing-cdr-internal-elb,Name=LoadBalancerName;Sum;BackendConnectionErrors;GreaterThanThreshold;1;60;2;3;notBreaching;null;true;arn:aws:sns:eu-west-1:895782643746:stage-aws-services-alarms;arn:aws:sns:eu-west-1:895782643746:stage-aws-services-alarms
ELB_staging-billing-cdr-internal-elb_high-latency;ELB_staging-billing-cdr-internal-elb_high-latency;AWS/ELB;Value=staging-billing-cdr-internal-elb,Name=LoadBalancerName;Average;Latency;GreaterThanThreshold;0.3;60;2;3;notBreaching;Seconds;true;arn:aws:sns:eu-west-1:895782643746:stage-aws-services-alarms;arn:aws:sns:eu-west-1:895782643746:stage-aws-services-alarms
ELB_staging-billing-cdr-internal-elb_high-latency-urgent;ELB_staging-billing-cdr-internal-elb_high-latency-urgent;AWS/ELB;Value=staging-billing-cdr-internal-elb,Name=LoadBalancerName;Average;Latency;GreaterThanThreshold;0.3;60;4;5;notBreaching;Seconds;true;arn:aws:sns:eu-west-1:895782643746:stage-aws-services-alarms;arn:aws:sns:eu-west-1:895782643746:stage-aws-services-alarms
ELB_staging-billing-cdr-internal-elb_no-healthy-hosts;ELB_staging-billing-cdr-internal-elb_no-healthy-hosts;AWS/ELB;Value=staging-billing-cdr-internal-elb,Name=LoadBalancerName;Minimum;HealthyHostCount;LessThanThreshold;1;60;2;3;breaching;null;true;arn:aws:sns:eu-west-1:895782643746:stage-aws-services-alarms;arn:aws:sns:eu-west-1:895782643746:stage-aws-services-alarms
ELB_staging-contacts_4XX;ELB_staging-contacts_4XX;AWS/ELB;Value=staging-contacts,Name=LoadBalancerName;Sum;HTTPCode_Backend_4XX;GreaterThanThreshold;5;60;2;3;notBreaching;null;true;arn:aws:sns:eu-west-1:895782643746:stage-aws-services-alarms;arn:aws:sns:eu-west-1:895782643746:stage-aws-services-alarms
ELB_staging-contacts_5XX;ELB_staging-contacts_5XX;AWS/ELB;Value=staging-contacts,Name=LoadBalancerName;Sum;HTTPCode_Backend_5XX;GreaterThanOrEqualToThreshold;2;60;2;3;notBreaching;null;true;arn:aws:sns:eu-west-1:895782643746:stage-aws-services-alarms;arn:aws:sns:eu-west-1:895782643746:stage-aws-services-alarms
ELB_staging-contacts_backend-errors;ELB_staging-contacts_backend-errors;AWS/ELB;Value=staging-contacts,Name=LoadBalancerName;Sum;BackendConnectionErrors;GreaterThanThreshold;1;60;2;3;notBreaching;null;true;arn:aws:sns:eu-west-1:895782643746:stage-aws-services-alarms;arn:aws:sns:eu-west-1:895782643746:stage-aws-services-alarms
ELB_staging-contacts_high-latency;ELB_staging-contacts_high-latency;AWS/ELB;Value=staging-contacts,Name=LoadBalancerName;Average;Latency;GreaterThanThreshold;0.3;60;2;3;notBreaching;Seconds;true;arn:aws:sns:eu-west-1:895782643746:stage-aws-services-alarms;arn:aws:sns:eu-west-1:895782643746:stage-aws-services-alarms
ELB_staging-contacts_high-latency-urgent;ELB_staging-contacts_high-latency-urgent;AWS/ELB;Value=staging-contacts,Name=LoadBalancerName;Average;Latency;GreaterThanThreshold;0.3;60;4;5;notBreaching;Seconds;true;arn:aws:sns:eu-west-1:895782643746:stage-aws-services-alarms;arn:aws:sns:eu-west-1:895782643746:stage-aws-services-alarms
ELB_staging-contacts_no-healthy-hosts;ELB_staging-contacts_no-healthy-hosts;AWS/ELB;Value=staging-contacts,Name=LoadBalancerName;Minimum;HealthyHostCount;LessThanThreshold;1;60;2;3;breaching;null;true;arn:aws:sns:eu-west-1:895782643746:stage-aws-services-alarms;arn:aws:sns:eu-west-1:895782643746:stage-aws-services-alarms
ELB_staging-greeting-elb_4XX;ELB_staging-greeting-elb_4XX;AWS/ELB;Value=staging-greeting-elb,Name=LoadBalancerName;Sum;HTTPCode_Backend_4XX;GreaterThanThreshold;5;60;2;3;notBreaching;null;true;arn:aws:sns:eu-west-1:895782643746:stage-aws-services-alarms;arn:aws:sns:eu-west-1:895782643746:stage-aws-services-alarms
ELB_staging-greeting-elb_5XX;ELB_staging-greeting-elb_5XX;AWS/ELB;Value=staging-greeting-elb,Name=LoadBalancerName;Sum;HTTPCode_Backend_5XX;GreaterThanOrEqualToThreshold;2;60;2;3;notBreaching;null;true;arn:aws:sns:eu-west-1:895782643746:stage-aws-services-alarms;arn:aws:sns:eu-west-1:895782643746:stage-aws-services-alarms
ELB_staging-greeting-elb_backend-errors;ELB_staging-greeting-elb_backend-errors;AWS/ELB;Value=staging-greeting-elb,Name=LoadBalancerName;Sum;BackendConnectionErrors;GreaterThanThreshold;1;60;2;3;notBreaching;null;true;arn:aws:sns:eu-west-1:895782643746:stage-aws-services-alarms;arn:aws:sns:eu-west-1:895782643746:stage-aws-services-alarms
ELB_staging-greeting-elb_high-latency;ELB_staging-greeting-elb_high-latency;AWS/ELB;Value=staging-greeting-elb,Name=LoadBalancerName;Average;Latency;GreaterThanThreshold;0.3;60;2;3;notBreaching;Seconds;true;arn:aws:sns:eu-west-1:895782643746:stage-aws-services-alarms;arn:aws:sns:eu-west-1:895782643746:stage-aws-services-alarms
ELB_staging-greeting-elb_high-latency-urgent;ELB_staging-greeting-elb_high-latency-urgent;AWS/ELB;Value=staging-greeting-elb,Name=LoadBalancerName;Average;Latency;GreaterThanThreshold;0.3;60;4;5;notBreaching;Seconds;true;arn:aws:sns:eu-west-1:895782643746:stage-aws-services-alarms;arn:aws:sns:eu-west-1:895782643746:stage-aws-services-alarms
ELB_staging-greeting-elb_no-healthy-hosts;ELB_staging-greeting-elb_no-healthy-hosts;AWS/ELB;Value=staging-greeting-elb,Name=LoadBalancerName;Minimum;HealthyHostCount;LessThanThreshold;1;60;2;3;breaching;null;true;arn:aws:sns:eu-west-1:895782643746:stage-aws-services-alarms;arn:aws:sns:eu-west-1:895782643746:stage-aws-services-alarms
ELB_staging-mms-elb_4XX;ELB_staging-mms-elb_4XX;AWS/ELB;Value=staging-mms-elb,Name=LoadBalancerName;Sum;HTTPCode_Backend_4XX;GreaterThanThreshold;5;60;2;3;notBreaching;null;true;arn:aws:sns:eu-west-1:895782643746:stage-aws-services-alarms;arn:aws:sns:eu-west-1:895782643746:stage-aws-services-alarms
ELB_staging-mms-elb_5XX;ELB_staging-mms-elb_5XX;AWS/ELB;Value=staging-mms-elb,Name=LoadBalancerName;Sum;HTTPCode_Backend_5XX;GreaterThanOrEqualToThreshold;2;60;2;3;notBreaching;null;true;arn:aws:sns:eu-west-1:895782643746:stage-aws-services-alarms;arn:aws:sns:eu-west-1:895782643746:stage-aws-services-alarms
ELB_staging-mms-elb_backend-errors;ELB_staging-mms-elb_backend-errors;AWS/ELB;Value=staging-mms-elb,Name=LoadBalancerName;Sum;BackendConnectionErrors;GreaterThanThreshold;1;60;2;3;notBreaching;null;true;arn:aws:sns:eu-west-1:895782643746:stage-aws-services-alarms;arn:aws:sns:eu-west-1:895782643746:stage-aws-services-alarms
ELB_staging-mms-elb_high-latency;ELB_staging-mms-elb_high-latency;AWS/ELB;Value=staging-mms-elb,Name=LoadBalancerName;Average;Latency;GreaterThanThreshold;0.3;60;2;3;notBreaching;Seconds;true;arn:aws:sns:eu-west-1:895782643746:stage-aws-services-alarms;arn:aws:sns:eu-west-1:895782643746:stage-aws-services-alarms
ELB_staging-mms-elb_high-latency-urgent;ELB_staging-mms-elb_high-latency-urgent;AWS/ELB;Value=staging-mms-elb,Name=LoadBalancerName;Average;Latency;GreaterThanThreshold;0.3;60;4;5;notBreaching;Seconds;true;arn:aws:sns:eu-west-1:895782643746:stage-aws-services-alarms;arn:aws:sns:eu-west-1:895782643746:stage-aws-services-alarms
ELB_staging-mms-elb_no-healthy-hosts;ELB_staging-mms-elb_no-healthy-hosts;AWS/ELB;Value=staging-mms-elb,Name=LoadBalancerName;Minimum;HealthyHostCount;LessThanThreshold;1;60;2;3;breaching;null;true;arn:aws:sns:eu-west-1:895782643746:stage-aws-services-alarms;arn:aws:sns:eu-west-1:895782643746:stage-aws-services-alarms
ELB_staging-portability-elb_4XX;ELB_staging-portability-elb_4XX;AWS/ELB;Value=staging-portability-elb,Name=LoadBalancerName;Sum;HTTPCode_Backend_4XX;GreaterThanThreshold;5;60;2;3;notBreaching;null;true;arn:aws:sns:eu-west-1:895782643746:stage-aws-services-alarms;arn:aws:sns:eu-west-1:895782643746:stage-aws-services-alarms
ELB_staging-portability-elb_5XX;ELB_staging-portability-elb_5XX;AWS/ELB;Value=staging-portability-elb,Name=LoadBalancerName;Sum;HTTPCode_Backend_5XX;GreaterThanOrEqualToThreshold;2;60;2;3;notBreaching;null;true;arn:aws:sns:eu-west-1:895782643746:stage-aws-services-alarms;arn:aws:sns:eu-west-1:895782643746:stage-aws-services-alarms
ELB_staging-portability-elb_backend-errors;ELB_staging-portability-elb_backend-errors;AWS/ELB;Value=staging-portability-elb,Name=LoadBalancerName;Sum;BackendConnectionErrors;GreaterThanThreshold;1;60;2;3;notBreaching;null;true;arn:aws:sns:eu-west-1:895782643746:stage-aws-services-alarms;arn:aws:sns:eu-west-1:895782643746:stage-aws-services-alarms
ELB_staging-portability-elb_high-latency;ELB_staging-portability-elb_high-latency;AWS/ELB;Value=staging-portability-elb,Name=LoadBalancerName;Average;Latency;GreaterThanThreshold;0.3;60;2;3;notBreaching;Seconds;true;arn:aws:sns:eu-west-1:895782643746:stage-aws-services-alarms;arn:aws:sns:eu-west-1:895782643746:stage-aws-services-alarms
ELB_staging-portability-elb_high-latency-urgent;ELB_staging-portability-elb_high-latency-urgent;AWS/ELB;Value=staging-portability-elb,Name=LoadBalancerName;Average;Latency;GreaterThanThreshold;0.3;60;4;5;notBreaching;Seconds;true;arn:aws:sns:eu-west-1:895782643746:stage-aws-services-alarms;arn:aws:sns:eu-west-1:895782643746:stage-aws-services-alarms
ELB_staging-portability-elb_no-healthy-hosts;ELB_staging-portability-elb_no-healthy-hosts;AWS/ELB;Value=staging-portability-elb,Name=LoadBalancerName;Minimum;HealthyHostCount;LessThanThreshold;1;60;2;3;breaching;null;true;arn:aws:sns:eu-west-1:895782643746:stage-aws-services-alarms;arn:aws:sns:eu-west-1:895782643746:stage-aws-services-alarms
ELB_staging-push-service-elb_4XX;ELB_staging-push-service-elb_4XX;AWS/ELB;Value=staging-push-service-elb,Name=LoadBalancerName;Sum;HTTPCode_Backend_4XX;GreaterThanThreshold;5;60;2;3;notBreaching;null;true;arn:aws:sns:eu-west-1:895782643746:stage-aws-services-alarms;arn:aws:sns:eu-west-1:895782643746:stage-aws-services-alarms
ELB_staging-push-service-elb_5XX;ELB_staging-push-service-elb_5XX;AWS/ELB;Value=staging-push-service-elb,Name=LoadBalancerName;Sum;HTTPCode_Backend_5XX;GreaterThanOrEqualToThreshold;2;60;2;3;notBreaching;null;true;arn:aws:sns:eu-west-1:895782643746:stage-aws-services-alarms;arn:aws:sns:eu-west-1:895782643746:stage-aws-services-alarms
ELB_staging-push-service-elb_backend-errors;ELB_staging-push-service-elb_backend-errors;AWS/ELB;Value=staging-push-service-elb,Name=LoadBalancerName;Sum;BackendConnectionErrors;GreaterThanThreshold;1;60;2;3;notBreaching;null;true;arn:aws:sns:eu-west-1:895782643746:stage-aws-services-alarms;arn:aws:sns:eu-west-1:895782643746:stage-aws-services-alarms
ELB_staging-push-service-elb_high-latency;ELB_staging-push-service-elb_high-latency;AWS/ELB;Value=staging-push-service-elb,Name=LoadBalancerName;Average;Latency;GreaterThanThreshold;0.3;60;2;3;notBreaching;Seconds;true;arn:aws:sns:eu-west-1:895782643746:stage-aws-services-alarms;arn:aws:sns:eu-west-1:895782643746:stage-aws-services-alarms
ELB_staging-push-service-elb_high-latency-urgent;ELB_staging-push-service-elb_high-latency-urgent;AWS/ELB;Value=staging-push-service-elb,Name=LoadBalancerName;Average;Latency;GreaterThanThreshold;0.3;60;4;5;notBreaching;Seconds;true;arn:aws:sns:eu-west-1:895782643746:stage-aws-services-alarms;arn:aws:sns:eu-west-1:895782643746:stage-aws-services-alarms
ELB_staging-push-service-elb_no-healthy-hosts;ELB_staging-push-service-elb_no-healthy-hosts;AWS/ELB;Value=staging-push-service-elb,Name=LoadBalancerName;Minimum;HealthyHostCount;LessThanThreshold;1;60;2;3;breaching;null;true;arn:aws:sns:eu-west-1:895782643746:stage-aws-services-alarms;arn:aws:sns:eu-west-1:895782643746:stage-aws-services-alarms
ELB_staging-softswitch-elb_4XX;ELB_staging-softswitch-elb_4XX;AWS/ELB;Value=staging-softswitch-elb,Name=LoadBalancerName;Sum;HTTPCode_Backend_4XX;GreaterThanThreshold;5;60;2;3;notBreaching;null;true;arn:aws:sns:eu-west-1:895782643746:stage-aws-services-alarms;arn:aws:sns:eu-west-1:895782643746:stage-aws-services-alarms
ELB_staging-softswitch-elb_5XX;ELB_staging-softswitch-elb_5XX;AWS/ELB;Value=staging-softswitch-elb,Name=LoadBalancerName;Sum;HTTPCode_Backend_5XX;GreaterThanOrEqualToThreshold;2;60;2;3;notBreaching;null;true;arn:aws:sns:eu-west-1:895782643746:stage-aws-services-alarms;arn:aws:sns:eu-west-1:895782643746:stage-aws-services-alarms
ELB_staging-softswitch-elb_backend-errors;ELB_staging-softswitch-elb_backend-errors;AWS/ELB;Value=staging-softswitch-elb,Name=LoadBalancerName;Sum;BackendConnectionErrors;GreaterThanThreshold;1;60;2;3;notBreaching;null;true;arn:aws:sns:eu-west-1:895782643746:stage-aws-services-alarms;arn:aws:sns:eu-west-1:895782643746:stage-aws-services-alarms
ELB_staging-softswitch-elb_high-latency;ELB_staging-softswitch-elb_high-latency;AWS/ELB;Value=staging-softswitch-elb,Name=LoadBalancerName;Average;Latency;GreaterThanThreshold;0.3;60;2;3;notBreaching;Seconds;true;arn:aws:sns:eu-west-1:895782643746:stage-aws-services-alarms;arn:aws:sns:eu-west-1:895782643746:stage-aws-services-alarms
ELB_staging-softswitch-elb_high-latency-urgent;ELB_staging-softswitch-elb_high-latency-urgent;AWS/ELB;Value=staging-softswitch-elb,Name=LoadBalancerName;Average;Latency;GreaterThanThreshold;0.3;60;4;5;notBreaching;Seconds;true;arn:aws:sns:eu-west-1:895782643746:stage-aws-services-alarms;arn:aws:sns:eu-west-1:895782643746:stage-aws-services-alarms
ELB_staging-softswitch-elb_no-healthy-hosts;ELB_staging-softswitch-elb_no-healthy-hosts;AWS/ELB;Value=staging-softswitch-elb,Name=LoadBalancerName;Minimum;HealthyHostCount;LessThanThreshold;1;60;2;3;breaching;null;true;arn:aws:sns:eu-west-1:895782643746:stage-aws-services-alarms;arn:aws:sns:eu-west-1:895782643746:stage-aws-services-alarms
ELB_staging-steward-elb_4XX;ELB_staging-steward-elb_4XX;AWS/ELB;Value=staging-steward-elb,Name=LoadBalancerName;Sum;HTTPCode_Backend_4XX;GreaterThanThreshold;5;60;2;3;notBreaching;null;true;arn:aws:sns:eu-west-1:895782643746:stage-aws-services-alarms;arn:aws:sns:eu-west-1:895782643746:stage-aws-services-alarms
ELB_staging-steward-elb_5XX;ELB_staging-steward-elb_5XX;AWS/ELB;Value=staging-steward-elb,Name=LoadBalancerName;Sum;HTTPCode_Backend_5XX;GreaterThanOrEqualToThreshold;2;60;2;3;notBreaching;null;true;arn:aws:sns:eu-west-1:895782643746:stage-aws-services-alarms;arn:aws:sns:eu-west-1:895782643746:stage-aws-services-alarms
ELB_staging-steward-elb_backend-errors;ELB_staging-steward-elb_backend-errors;AWS/ELB;Value=staging-steward-elb,Name=LoadBalancerName;Sum;BackendConnectionErrors;GreaterThanThreshold;1;60;2;3;notBreaching;null;true;arn:aws:sns:eu-west-1:895782643746:stage-aws-services-alarms;arn:aws:sns:eu-west-1:895782643746:stage-aws-services-alarms
ELB_staging-steward-elb_high-latency;ELB_staging-steward-elb_high-latency;AWS/ELB;Value=staging-steward-elb,Name=LoadBalancerName;Average;Latency;GreaterThanThreshold;0.3;60;2;3;notBreaching;Seconds;true;arn:aws:sns:eu-west-1:895782643746:stage-aws-services-alarms;arn:aws:sns:eu-west-1:895782643746:stage-aws-services-alarms
ELB_staging-steward-elb_high-latency-urgent;ELB_staging-steward-elb_high-latency-urgent;AWS/ELB;Value=staging-steward-elb,Name=LoadBalancerName;Average;Latency;GreaterThanThreshold;0.3;60;4;5;notBreaching;Seconds;true;arn:aws:sns:eu-west-1:895782643746:stage-aws-services-alarms;arn:aws:sns:eu-west-1:895782643746:stage-aws-services-alarms
ELB_staging-steward-elb_no-healthy-hosts;ELB_staging-steward-elb_no-healthy-hosts;AWS/ELB;Value=staging-steward-elb,Name=LoadBalancerName;Minimum;HealthyHostCount;LessThanThreshold;1;60;2;3;breaching;null;true;arn:aws:sns:eu-west-1:895782643746:stage-aws-services-alarms;arn:aws:sns:eu-west-1:895782643746:stage-aws-services-alarms
ELB_web-server-elb-final_4XX;ELB_web-server-elb-final_4XX;AWS/ELB;Value=web-server-elb-final,Name=LoadBalancerName;Sum;HTTPCode_Backend_4XX;GreaterThanThreshold;5;60;2;3;notBreaching;null;true;arn:aws:sns:eu-west-1:895782643746:stage-aws-services-alarms;arn:aws:sns:eu-west-1:895782643746:stage-aws-services-alarms
ELB_web-server-elb-final_5XX;ELB_web-server-elb-final_5XX;AWS/ELB;Value=web-server-elb-final,Name=LoadBalancerName;Sum;HTTPCode_Backend_5XX;GreaterThanOrEqualToThreshold;2;60;2;3;notBreaching;null;true;arn:aws:sns:eu-west-1:895782643746:stage-aws-services-alarms;arn:aws:sns:eu-west-1:895782643746:stage-aws-services-alarms
ELB_web-server-elb-final_backend-errors;ELB_web-server-elb-final_backend-errors;AWS/ELB;Value=web-server-elb-final,Name=LoadBalancerName;Sum;BackendConnectionErrors;GreaterThanThreshold;1;60;2;3;notBreaching;null;true;arn:aws:sns:eu-west-1:895782643746:stage-aws-services-alarms;arn:aws:sns:eu-west-1:895782643746:stage-aws-services-alarms
ELB_web-server-elb-final_high-latency;ELB_web-server-elb-final_high-latency;AWS/ELB;Value=web-server-elb-final,Name=LoadBalancerName;Average;Latency;GreaterThanThreshold;0.3;60;2;3;notBreaching;Seconds;true;arn:aws:sns:eu-west-1:895782643746:stage-aws-services-alarms;arn:aws:sns:eu-west-1:895782643746:stage-aws-services-alarms
ELB_web-server-elb-final_high-latency-urgent;ELB_web-server-elb-final_high-latency-urgent;AWS/ELB;Value=web-server-elb-final,Name=LoadBalancerName;Average;Latency;GreaterThanThreshold;0.3;60;4;5;notBreaching;Seconds;true;arn:aws:sns:eu-west-1:895782643746:stage-aws-services-alarms;arn:aws:sns:eu-west-1:895782643746:stage-aws-services-alarms
ELB_web-server-elb-final_no-healthy-hosts;ELB_web-server-elb-final_no-healthy-hosts;AWS/ELB;Value=web-server-elb-final,Name=LoadBalancerName;Minimum;HealthyHostCount;LessThanThreshold;1;60;2;3;breaching;null;true;arn:aws:sns:eu-west-1:895782643746:stage-aws-services-alarms;arn:aws:sns:eu-west-1:895782643746:stage-aws-services-alarms
NATGW_nat-006d531e0334798c4_IdleTimeoutCount;NATGW_nat-006d531e0334798c4_IdleTimeoutCount;AWS/NATGateway;Value=nat-006d531e0334798c4,Name=NatGatewayId;Maximum;IdleTimeoutCount;GreaterThanThreshold;150;60;2;3;ignore;Count;true;arn:aws:sns:eu-west-1:895782643746:stage-aws-services-alarms;arn:aws:sns:eu-west-1:895782643746:stage-aws-services-alarms
NATGW_nat-059f4025254e80d38_IdleTimeoutCount;NATGW_nat-059f4025254e80d38_IdleTimeoutCount;AWS/NATGateway;Value=nat-059f4025254e80d38,Name=NatGatewayId;Maximum;IdleTimeoutCount;GreaterThanThreshold;150;60;2;3;ignore;Count;true;arn:aws:sns:eu-west-1:895782643746:stage-aws-services-alarms;arn:aws:sns:eu-west-1:895782643746:stage-aws-services-alarms
OpsWorks_ecs-test-stack_high-cpu;OpsWorks_ecs-test-stack_high-cpu;AWS/OpsWorks;Value=33f97592-fded-4b2b-839b-025b739c0c22,Name=StackId;Average;cpu_user;GreaterThanThreshold;60;120;2;3;null;null;true;arn:aws:sns:eu-west-1:895782643746:stage-aws-services-alarms;arn:aws:sns:eu-west-1:895782643746:stage-aws-services-alarms
OpsWorks_ecs-test-stack_high-load5;OpsWorks_ecs-test-stack_high-load5;AWS/OpsWorks;Value=33f97592-fded-4b2b-839b-025b739c0c22,Name=StackId;Average;load_5;GreaterThanThreshold;1.2;120;2;3;null;null;true;arn:aws:sns:eu-west-1:895782643746:stage-aws-services-alarms;arn:aws:sns:eu-west-1:895782643746:stage-aws-services-alarms
OpsWorks_old-staging-admin_high-cpu;OpsWorks_old-staging-admin_high-cpu;AWS/OpsWorks;Value=981dcafc-f083-4c0e-b044-b8325d7f48fc,Name=StackId;Average;cpu_user;GreaterThanThreshold;60;120;2;3;null;null;true;arn:aws:sns:eu-west-1:895782643746:stage-aws-services-alarms;arn:aws:sns:eu-west-1:895782643746:stage-aws-services-alarms
OpsWorks_old-staging-admin_high-load5;OpsWorks_old-staging-admin_high-load5;AWS/OpsWorks;Value=981dcafc-f083-4c0e-b044-b8325d7f48fc,Name=StackId;Average;load_5;GreaterThanThreshold;1.2;120;2;3;null;null;true;arn:aws:sns:eu-west-1:895782643746:stage-aws-services-alarms;arn:aws:sns:eu-west-1:895782643746:stage-aws-services-alarms
OpsWorks_old-staging-alarms_high-cpu;OpsWorks_old-staging-alarms_high-cpu;AWS/OpsWorks;Value=2f433760-4d9f-4aa4-bd0a-c86701fde681,Name=StackId;Average;cpu_user;GreaterThanThreshold;60;120;2;3;null;null;true;arn:aws:sns:eu-west-1:895782643746:stage-aws-services-alarms;arn:aws:sns:eu-west-1:895782643746:stage-aws-services-alarms
OpsWorks_old-staging-alarms_high-load5;OpsWorks_old-staging-alarms_high-load5;AWS/OpsWorks;Value=2f433760-4d9f-4aa4-bd0a-c86701fde681,Name=StackId;Average;load_5;GreaterThanThreshold;1.2;120;2;3;null;null;true;arn:aws:sns:eu-west-1:895782643746:stage-aws-services-alarms;arn:aws:sns:eu-west-1:895782643746:stage-aws-services-alarms
OpsWorks_old-staging-greetings_high-cpu;OpsWorks_old-staging-greetings_high-cpu;AWS/OpsWorks;Value=ae4a847b-a5f5-4c90-aa98-3b0b0839367e,Name=StackId;Average;cpu_user;GreaterThanThreshold;60;120;2;3;null;null;true;arn:aws:sns:eu-west-1:895782643746:stage-aws-services-alarms;arn:aws:sns:eu-west-1:895782643746:stage-aws-services-alarms
OpsWorks_old-staging-greetings_high-load5;OpsWorks_old-staging-greetings_high-load5;AWS/OpsWorks;Value=ae4a847b-a5f5-4c90-aa98-3b0b0839367e,Name=StackId;Average;load_5;GreaterThanThreshold;1.2;120;2;3;null;null;true;arn:aws:sns:eu-west-1:895782643746:stage-aws-services-alarms;arn:aws:sns:eu-west-1:895782643746:stage-aws-services-alarms
OpsWorks_old-staging-mms_high-cpu;OpsWorks_old-staging-mms_high-cpu;AWS/OpsWorks;Value=f029b632-56c2-4502-aea6-e971bd482dbd,Name=StackId;Average;cpu_user;GreaterThanThreshold;60;120;2;3;null;null;true;arn:aws:sns:eu-west-1:895782643746:stage-aws-services-alarms;arn:aws:sns:eu-west-1:895782643746:stage-aws-services-alarms
OpsWorks_old-staging-mms_high-load5;OpsWorks_old-staging-mms_high-load5;AWS/OpsWorks;Value=f029b632-56c2-4502-aea6-e971bd482dbd,Name=StackId;Average;load_5;GreaterThanThreshold;1.2;120;2;3;null;null;true;arn:aws:sns:eu-west-1:895782643746:stage-aws-services-alarms;arn:aws:sns:eu-west-1:895782643746:stage-aws-services-alarms
OpsWorks_old-staging-portability_high-cpu;OpsWorks_old-staging-portability_high-cpu;AWS/OpsWorks;Value=f20386ed-eae6-4c40-9f77-63feff655b93,Name=StackId;Average;cpu_user;GreaterThanThreshold;60;120;2;3;null;null;true;arn:aws:sns:eu-west-1:895782643746:stage-aws-services-alarms;arn:aws:sns:eu-west-1:895782643746:stage-aws-services-alarms
OpsWorks_old-staging-portability_high-load5;OpsWorks_old-staging-portability_high-load5;AWS/OpsWorks;Value=f20386ed-eae6-4c40-9f77-63feff655b93,Name=StackId;Average;load_5;GreaterThanThreshold;1.2;120;2;3;null;null;true;arn:aws:sns:eu-west-1:895782643746:stage-aws-services-alarms;arn:aws:sns:eu-west-1:895782643746:stage-aws-services-alarms
OpsWorks_old-staging-push_high-cpu;OpsWorks_old-staging-push_high-cpu;AWS/OpsWorks;Value=167b2a63-e4c0-4de0-82ac-552b3542d36e,Name=StackId;Average;cpu_user;GreaterThanThreshold;60;120;2;3;null;null;true;arn:aws:sns:eu-west-1:895782643746:stage-aws-services-alarms;arn:aws:sns:eu-west-1:895782643746:stage-aws-services-alarms
OpsWorks_old-staging-push_high-load5;OpsWorks_old-staging-push_high-load5;AWS/OpsWorks;Value=167b2a63-e4c0-4de0-82ac-552b3542d36e,Name=StackId;Average;load_5;GreaterThanThreshold;1.2;120;2;3;null;null;true;arn:aws:sns:eu-west-1:895782643746:stage-aws-services-alarms;arn:aws:sns:eu-west-1:895782643746:stage-aws-services-alarms
OpsWorks_old-staging-server_high-cpu;OpsWorks_old-staging-server_high-cpu;AWS/OpsWorks;Value=217f9e31-371f-42d1-987e-7e4486b0a955,Name=StackId;Average;cpu_user;GreaterThanThreshold;60;120;2;3;null;null;true;arn:aws:sns:eu-west-1:895782643746:stage-aws-services-alarms;arn:aws:sns:eu-west-1:895782643746:stage-aws-services-alarms
OpsWorks_old-staging-server_high-load5;OpsWorks_old-staging-server_high-load5;AWS/OpsWorks;Value=217f9e31-371f-42d1-987e-7e4486b0a955,Name=StackId;Average;load_5;GreaterThanThreshold;1.2;120;2;3;null;null;true;arn:aws:sns:eu-west-1:895782643746:stage-aws-services-alarms;arn:aws:sns:eu-west-1:895782643746:stage-aws-services-alarms
OpsWorks_old-staging-smpp_high-cpu;OpsWorks_old-staging-smpp_high-cpu;AWS/OpsWorks;Value=27a9447f-20cc-49ff-93e2-dedfd3a16d9b,Name=StackId;Average;cpu_user;GreaterThanThreshold;60;120;2;3;null;null;true;arn:aws:sns:eu-west-1:895782643746:stage-aws-services-alarms;arn:aws:sns:eu-west-1:895782643746:stage-aws-services-alarms
OpsWorks_old-staging-smpp_high-load5;OpsWorks_old-staging-smpp_high-load5;AWS/OpsWorks;Value=27a9447f-20cc-49ff-93e2-dedfd3a16d9b,Name=StackId;Average;load_5;GreaterThanThreshold;1.2;120;2;3;null;null;true;arn:aws:sns:eu-west-1:895782643746:stage-aws-services-alarms;arn:aws:sns:eu-west-1:895782643746:stage-aws-services-alarms
OpsWorks_old-staging-softswitch_high-cpu;OpsWorks_old-staging-softswitch_high-cpu;AWS/OpsWorks;Value=fab6944c-c540-4607-93aa-b474272a3d40,Name=StackId;Average;cpu_user;GreaterThanThreshold;60;120;2;3;null;null;true;arn:aws:sns:eu-west-1:895782643746:stage-aws-services-alarms;arn:aws:sns:eu-west-1:895782643746:stage-aws-services-alarms
OpsWorks_old-staging-softswitch_high-load5;OpsWorks_old-staging-softswitch_high-load5;AWS/OpsWorks;Value=fab6944c-c540-4607-93aa-b474272a3d40,Name=StackId;Average;load_5;GreaterThanThreshold;1.2;120;2;3;null;null;true;arn:aws:sns:eu-west-1:895782643746:stage-aws-services-alarms;arn:aws:sns:eu-west-1:895782643746:stage-aws-services-alarms
OpsWorks_old-staging-steward_high-cpu;OpsWorks_old-staging-steward_high-cpu;AWS/OpsWorks;Value=aa3a166c-37e6-44ad-9bd6-6b1e0bdc49fc,Name=StackId;Average;cpu_user;GreaterThanThreshold;60;120;2;3;null;null;true;arn:aws:sns:eu-west-1:895782643746:stage-aws-services-alarms;arn:aws:sns:eu-west-1:895782643746:stage-aws-services-alarms
OpsWorks_old-staging-steward_high-load5;OpsWorks_old-staging-steward_high-load5;AWS/OpsWorks;Value=aa3a166c-37e6-44ad-9bd6-6b1e0bdc49fc,Name=StackId;Average;load_5;GreaterThanThreshold;1.2;120;2;3;null;null;true;arn:aws:sns:eu-west-1:895782643746:stage-aws-services-alarms;arn:aws:sns:eu-west-1:895782643746:stage-aws-services-alarms
OpsWorks_staging-admin_high-cpu;OpsWorks_staging-admin_high-cpu;AWS/OpsWorks;Value=fcb4d7ba-7eed-457c-983b-86efe0849241,Name=StackId;Average;cpu_user;GreaterThanThreshold;60;120;2;3;null;null;true;arn:aws:sns:eu-west-1:895782643746:stage-aws-services-alarms;arn:aws:sns:eu-west-1:895782643746:stage-aws-services-alarms
OpsWorks_staging-admin_high-load5;OpsWorks_staging-admin_high-load5;AWS/OpsWorks;Value=fcb4d7ba-7eed-457c-983b-86efe0849241,Name=StackId;Average;load_5;GreaterThanThreshold;1.2;120;2;3;null;null;true;arn:aws:sns:eu-west-1:895782643746:stage-aws-services-alarms;arn:aws:sns:eu-west-1:895782643746:stage-aws-services-alarms
OpsWorks_staging-alarms_high-cpu;OpsWorks_staging-alarms_high-cpu;AWS/OpsWorks;Value=67b6c064-ae5b-4350-9e3e-3ffe75267040,Name=StackId;Average;cpu_user;GreaterThanThreshold;60;120;2;3;null;null;true;arn:aws:sns:eu-west-1:895782643746:stage-aws-services-alarms;arn:aws:sns:eu-west-1:895782643746:stage-aws-services-alarms
OpsWorks_staging-alarms_high-load5;OpsWorks_staging-alarms_high-load5;AWS/OpsWorks;Value=67b6c064-ae5b-4350-9e3e-3ffe75267040,Name=StackId;Average;load_5;GreaterThanThreshold;1.2;120;2;3;null;null;true;arn:aws:sns:eu-west-1:895782643746:stage-aws-services-alarms;arn:aws:sns:eu-west-1:895782643746:stage-aws-services-alarms
OpsWorks_staging-billing-cdr-with-alb_high-cpu;OpsWorks_staging-billing-cdr-with-alb_high-cpu;AWS/OpsWorks;Value=4693d042-e83c-4194-9ac7-35eacf23b746,Name=StackId;Average;cpu_user;GreaterThanThreshold;60;120;2;3;null;null;true;arn:aws:sns:eu-west-1:895782643746:stage-aws-services-alarms;arn:aws:sns:eu-west-1:895782643746:stage-aws-services-alarms
OpsWorks_staging-billing-cdr-with-alb_high-load5;OpsWorks_staging-billing-cdr-with-alb_high-load5;AWS/OpsWorks;Value=4693d042-e83c-4194-9ac7-35eacf23b746,Name=StackId;Average;load_5;GreaterThanThreshold;1.2;120;2;3;null;null;true;arn:aws:sns:eu-west-1:895782643746:stage-aws-services-alarms;arn:aws:sns:eu-west-1:895782643746:stage-aws-services-alarms
OpsWorks_staging-billing-cdr_high-cpu;OpsWorks_staging-billing-cdr_high-cpu;AWS/OpsWorks;Value=7ecaf4a0-087b-4ed7-965c-e09c9a59b426,Name=StackId;Average;cpu_user;GreaterThanThreshold;60;120;2;3;null;null;true;arn:aws:sns:eu-west-1:895782643746:stage-aws-services-alarms;arn:aws:sns:eu-west-1:895782643746:stage-aws-services-alarms
OpsWorks_staging-billing-cdr_high-load5;OpsWorks_staging-billing-cdr_high-load5;AWS/OpsWorks;Value=7ecaf4a0-087b-4ed7-965c-e09c9a59b426,Name=StackId;Average;load_5;GreaterThanThreshold;1.2;120;2;3;null;null;true;arn:aws:sns:eu-west-1:895782643746:stage-aws-services-alarms;arn:aws:sns:eu-west-1:895782643746:stage-aws-services-alarms
OpsWorks_staging-contacts_high-cpu;OpsWorks_staging-contacts_high-cpu;AWS/OpsWorks;Value=54ee2f4a-fdc7-476a-9ba3-b330e7c7cdba,Name=StackId;Average;cpu_user;GreaterThanThreshold;60;120;2;3;null;null;true;arn:aws:sns:eu-west-1:895782643746:stage-aws-services-alarms;arn:aws:sns:eu-west-1:895782643746:stage-aws-services-alarms
OpsWorks_staging-contacts_high-load5;OpsWorks_staging-contacts_high-load5;AWS/OpsWorks;Value=54ee2f4a-fdc7-476a-9ba3-b330e7c7cdba,Name=StackId;Average;load_5;GreaterThanThreshold;1.2;120;2;3;null;null;true;arn:aws:sns:eu-west-1:895782643746:stage-aws-services-alarms;arn:aws:sns:eu-west-1:895782643746:stage-aws-services-alarms
OpsWorks_staging-greetings_high-cpu;OpsWorks_staging-greetings_high-cpu;AWS/OpsWorks;Value=118c938f-cab0-4ede-ae99-531eedfaf803,Name=StackId;Average;cpu_user;GreaterThanThreshold;60;120;2;3;null;null;true;arn:aws:sns:eu-west-1:895782643746:stage-aws-services-alarms;arn:aws:sns:eu-west-1:895782643746:stage-aws-services-alarms
OpsWorks_staging-greetings_high-load5;OpsWorks_staging-greetings_high-load5;AWS/OpsWorks;Value=118c938f-cab0-4ede-ae99-531eedfaf803,Name=StackId;Average;load_5;GreaterThanThreshold;1.2;120;2;3;null;null;true;arn:aws:sns:eu-west-1:895782643746:stage-aws-services-alarms;arn:aws:sns:eu-west-1:895782643746:stage-aws-services-alarms
OpsWorks_staging-mms_high-cpu;OpsWorks_staging-mms_high-cpu;AWS/OpsWorks;Value=174875d6-a18e-4f16-a6a2-4842b0802da7,Name=StackId;Average;cpu_user;GreaterThanThreshold;60;120;2;3;null;null;true;arn:aws:sns:eu-west-1:895782643746:stage-aws-services-alarms;arn:aws:sns:eu-west-1:895782643746:stage-aws-services-alarms
OpsWorks_staging-mms_high-load5;OpsWorks_staging-mms_high-load5;AWS/OpsWorks;Value=174875d6-a18e-4f16-a6a2-4842b0802da7,Name=StackId;Average;load_5;GreaterThanThreshold;1.2;120;2;3;null;null;true;arn:aws:sns:eu-west-1:895782643746:stage-aws-services-alarms;arn:aws:sns:eu-west-1:895782643746:stage-aws-services-alarms
OpsWorks_staging-portability_high-cpu;OpsWorks_staging-portability_high-cpu;AWS/OpsWorks;Value=d98c0508-1054-43a8-ab31-b67531a439eb,Name=StackId;Average;cpu_user;GreaterThanThreshold;60;120;2;3;null;null;true;arn:aws:sns:eu-west-1:895782643746:stage-aws-services-alarms;arn:aws:sns:eu-west-1:895782643746:stage-aws-services-alarms
OpsWorks_staging-portability_high-load5;OpsWorks_staging-portability_high-load5;AWS/OpsWorks;Value=d98c0508-1054-43a8-ab31-b67531a439eb,Name=StackId;Average;load_5;GreaterThanThreshold;1.2;120;2;3;null;null;true;arn:aws:sns:eu-west-1:895782643746:stage-aws-services-alarms;arn:aws:sns:eu-west-1:895782643746:stage-aws-services-alarms
OpsWorks_staging-push_high-cpu;OpsWorks_staging-push_high-cpu;AWS/OpsWorks;Value=28edfaf9-3482-4c7a-99eb-67e74304e643,Name=StackId;Average;cpu_user;GreaterThanThreshold;60;120;2;3;null;null;true;arn:aws:sns:eu-west-1:895782643746:stage-aws-services-alarms;arn:aws:sns:eu-west-1:895782643746:stage-aws-services-alarms
OpsWorks_staging-push_high-load5;OpsWorks_staging-push_high-load5;AWS/OpsWorks;Value=28edfaf9-3482-4c7a-99eb-67e74304e643,Name=StackId;Average;load_5;GreaterThanThreshold;1.2;120;2;3;null;null;true;arn:aws:sns:eu-west-1:895782643746:stage-aws-services-alarms;arn:aws:sns:eu-west-1:895782643746:stage-aws-services-alarms
OpsWorks_staging-relay_high-cpu;OpsWorks_staging-relay_high-cpu;AWS/OpsWorks;Value=8c8ed300-9257-467c-bea0-b88032034ca7,Name=StackId;Average;cpu_user;GreaterThanThreshold;60;120;2;3;null;null;true;arn:aws:sns:eu-west-1:895782643746:stage-aws-services-alarms;arn:aws:sns:eu-west-1:895782643746:stage-aws-services-alarms
OpsWorks_staging-relay_high-load5;OpsWorks_staging-relay_high-load5;AWS/OpsWorks;Value=8c8ed300-9257-467c-bea0-b88032034ca7,Name=StackId;Average;load_5;GreaterThanThreshold;1.2;120;2;3;null;null;true;arn:aws:sns:eu-west-1:895782643746:stage-aws-services-alarms;arn:aws:sns:eu-west-1:895782643746:stage-aws-services-alarms
OpsWorks_staging-server_high-cpu;OpsWorks_staging-server_high-cpu;AWS/OpsWorks;Value=5517c042-f2df-415a-aa64-bf66b596ae05,Name=StackId;Average;cpu_user;GreaterThanThreshold;60;120;2;3;null;null;true;arn:aws:sns:eu-west-1:895782643746:stage-aws-services-alarms;arn:aws:sns:eu-west-1:895782643746:stage-aws-services-alarms
OpsWorks_staging-server_high-load5;OpsWorks_staging-server_high-load5;AWS/OpsWorks;Value=5517c042-f2df-415a-aa64-bf66b596ae05,Name=StackId;Average;load_5;GreaterThanThreshold;1.2;120;2;3;null;null;true;arn:aws:sns:eu-west-1:895782643746:stage-aws-services-alarms;arn:aws:sns:eu-west-1:895782643746:stage-aws-services-alarms
OpsWorks_staging-smpp_high-cpu;OpsWorks_staging-smpp_high-cpu;AWS/OpsWorks;Value=7d9591b4-4a46-4f0f-bba9-d32ad2daf15a,Name=StackId;Average;cpu_user;GreaterThanThreshold;60;120;2;3;null;null;true;arn:aws:sns:eu-west-1:895782643746:stage-aws-services-alarms;arn:aws:sns:eu-west-1:895782643746:stage-aws-services-alarms
OpsWorks_staging-smpp_high-load5;OpsWorks_staging-smpp_high-load5;AWS/OpsWorks;Value=7d9591b4-4a46-4f0f-bba9-d32ad2daf15a,Name=StackId;Average;load_5;GreaterThanThreshold;1.2;120;2;3;null;null;true;arn:aws:sns:eu-west-1:895782643746:stage-aws-services-alarms;arn:aws:sns:eu-west-1:895782643746:stage-aws-services-alarms
OpsWorks_staging-softswitch_high-cpu;OpsWorks_staging-softswitch_high-cpu;AWS/OpsWorks;Value=707b8bbf-b0c5-4a14-9c9d-2f332af3cf4e,Name=StackId;Average;cpu_user;GreaterThanThreshold;60;120;2;3;null;null;true;arn:aws:sns:eu-west-1:895782643746:stage-aws-services-alarms;arn:aws:sns:eu-west-1:895782643746:stage-aws-services-alarms
OpsWorks_staging-softswitch_high-load5;OpsWorks_staging-softswitch_high-load5;AWS/OpsWorks;Value=707b8bbf-b0c5-4a14-9c9d-2f332af3cf4e,Name=StackId;Average;load_5;GreaterThanThreshold;1.2;120;2;3;null;null;true;arn:aws:sns:eu-west-1:895782643746:stage-aws-services-alarms;arn:aws:sns:eu-west-1:895782643746:stage-aws-services-alarms
OpsWorks_staging-steward_high-cpu;OpsWorks_staging-steward_high-cpu;AWS/OpsWorks;Value=ea2be229-d32c-4b1b-a0f8-7cea0e6aa00c,Name=StackId;Average;cpu_user;GreaterThanThreshold;60;120;2;3;null;null;true;arn:aws:sns:eu-west-1:895782643746:stage-aws-services-alarms;arn:aws:sns:eu-west-1:895782643746:stage-aws-services-alarms
OpsWorks_staging-steward_high-load5;OpsWorks_staging-steward_high-load5;AWS/OpsWorks;Value=ea2be229-d32c-4b1b-a0f8-7cea0e6aa00c,Name=StackId;Average;load_5;GreaterThanThreshold;1.2;120;2;3;null;null;true;arn:aws:sns:eu-west-1:895782643746:stage-aws-services-alarms;arn:aws:sns:eu-west-1:895782643746:stage-aws-services-alarms
OpsWorks_staging-webclientNEW_high-cpu;OpsWorks_staging-webclientNEW_high-cpu;AWS/OpsWorks;Value=2a9bffcc-d394-4811-bd7e-bc39bcbd9fdd,Name=StackId;Average;cpu_user;GreaterThanThreshold;60;120;2;3;null;null;true;arn:aws:sns:eu-west-1:895782643746:stage-aws-services-alarms;arn:aws:sns:eu-west-1:895782643746:stage-aws-services-alarms
OpsWorks_staging-webclientNEW_high-load5;OpsWorks_staging-webclientNEW_high-load5;AWS/OpsWorks;Value=2a9bffcc-d394-4811-bd7e-bc39bcbd9fdd,Name=StackId;Average;load_5;GreaterThanThreshold;1.2;120;2;3;null;null;true;arn:aws:sns:eu-west-1:895782643746:stage-aws-services-alarms;arn:aws:sns:eu-west-1:895782643746:stage-aws-services-alarms
OpsWorks_test-anton-server_high-cpu;OpsWorks_test-anton-server_high-cpu;AWS/OpsWorks;Value=ccbf0642-7dea-4061-a07e-b60374fed3de,Name=StackId;Average;cpu_user;GreaterThanThreshold;60;120;2;3;null;null;true;arn:aws:sns:eu-west-1:895782643746:stage-aws-services-alarms;arn:aws:sns:eu-west-1:895782643746:stage-aws-services-alarms
OpsWorks_test-anton-server_high-load5;OpsWorks_test-anton-server_high-load5;AWS/OpsWorks;Value=ccbf0642-7dea-4061-a07e-b60374fed3de,Name=StackId;Average;load_5;GreaterThanThreshold;1.2;120;2;3;null;null;true;arn:aws:sns:eu-west-1:895782643746:stage-aws-services-alarms;arn:aws:sns:eu-west-1:895782643746:stage-aws-services-alarms
OpsWorks_test-anton-steward_high-cpu;OpsWorks_test-anton-steward_high-cpu;AWS/OpsWorks;Value=c4ca2760-0421-47d3-8ff9-2c45fd5a147b,Name=StackId;Average;cpu_user;GreaterThanThreshold;60;120;2;3;null;null;true;arn:aws:sns:eu-west-1:895782643746:stage-aws-services-alarms;arn:aws:sns:eu-west-1:895782643746:stage-aws-services-alarms
OpsWorks_test-anton-steward_high-load5;OpsWorks_test-anton-steward_high-load5;AWS/OpsWorks;Value=c4ca2760-0421-47d3-8ff9-2c45fd5a147b,Name=StackId;Average;load_5;GreaterThanThreshold;1.2;120;2;3;null;null;true;arn:aws:sns:eu-west-1:895782643746:stage-aws-services-alarms;arn:aws:sns:eu-west-1:895782643746:stage-aws-services-alarms
RDS_restore-staging-new-jul2019_high-QD;RDS_restore-staging-new-jul2019_high-QD;AWS/RDS;Value=restore-staging-new-jul2019,Name=DBInstanceIdentifier;Average;DiskQueueDepth;GreaterThanThreshold;5;60;2;3;null;Count;true;arn:aws:sns:eu-west-1:895782643746:stage-aws-services-alarms;arn:aws:sns:eu-west-1:895782643746:stage-aws-services-alarms
RDS_restore-staging-new-jul2019_high-cpu;RDS_restore-staging-new-jul2019_high-cpu;AWS/RDS;Value=restore-staging-new-jul2019,Name=DBInstanceIdentifier;Average;CPUUtilization;GreaterThanThreshold;80;60;2;3;null;Percent;true;arn:aws:sns:eu-west-1:895782643746:stage-aws-services-alarms;arn:aws:sns:eu-west-1:895782643746:stage-aws-services-alarms
RDS_restore-staging-new-jul2019_low_disk;RDS_restore-staging-new-jul2019_low_disk;AWS/RDS;Value=restore-staging-new-jul2019,Name=DBInstanceIdentifier;Average;FreeStorageSpace;LessThanThreshold;20000000000;60;2;3;null;Bytes;true;arn:aws:sns:eu-west-1:895782643746:stage-aws-services-alarms;arn:aws:sns:eu-west-1:895782643746:stage-aws-services-alarms
RDS_restore-staging-new-jul2019_low_memory;RDS_restore-staging-new-jul2019_low_memory;AWS/RDS;Value=restore-staging-new-jul2019,Name=DBInstanceIdentifier;Average;FreeableMemory;LessThanThreshold;520000000;60;2;3;null;Bytes;true;arn:aws:sns:eu-west-1:895782643746:stage-aws-services-alarms;arn:aws:sns:eu-west-1:895782643746:stage-aws-services-alarms
RDS_staging-cold_high-QD;RDS_staging-cold_high-QD;AWS/RDS;Value=staging-cold,Name=DBInstanceIdentifier;Average;DiskQueueDepth;GreaterThanThreshold;5;60;2;3;null;Count;true;arn:aws:sns:eu-west-1:895782643746:stage-aws-services-alarms;arn:aws:sns:eu-west-1:895782643746:stage-aws-services-alarms
RDS_staging-cold_high-cpu;RDS_staging-cold_high-cpu;AWS/RDS;Value=staging-cold,Name=DBInstanceIdentifier;Average;CPUUtilization;GreaterThanThreshold;80;60;2;3;null;Percent;true;arn:aws:sns:eu-west-1:895782643746:stage-aws-services-alarms;arn:aws:sns:eu-west-1:895782643746:stage-aws-services-alarms
RDS_staging-cold_low_disk;RDS_staging-cold_low_disk;AWS/RDS;Value=staging-cold,Name=DBInstanceIdentifier;Average;FreeStorageSpace;LessThanThreshold;20000000000;60;2;3;null;Bytes;true;arn:aws:sns:eu-west-1:895782643746:stage-aws-services-alarms;arn:aws:sns:eu-west-1:895782643746:stage-aws-services-alarms
RDS_staging-cold_low_memory;RDS_staging-cold_low_memory;AWS/RDS;Value=staging-cold,Name=DBInstanceIdentifier;Average;FreeableMemory;LessThanThreshold;520000000;60;2;3;null;Bytes;true;arn:aws:sns:eu-west-1:895782643746:stage-aws-services-alarms;arn:aws:sns:eu-west-1:895782643746:stage-aws-services-alarms
Redis_dev-redis_high-NewConnections;Redis_dev-redis_high-NewConnections;AWS/ElastiCache;Value=dev-redis,Name=CacheClusterId;Average;NewConnections;GreaterThanThreshold;100;60;2;3;null;Count;true;arn:aws:sns:eu-west-1:895782643746:stage-aws-services-alarms;arn:aws:sns:eu-west-1:895782643746:stage-aws-services-alarms
Redis_dev-redis_high-cpu;Redis_dev-redis_high-cpu;AWS/ElastiCache;Value=dev-redis,Name=CacheClusterId;Average;CPUUtilization;GreaterThanThreshold;50;60;2;3;null;Percent;true;arn:aws:sns:eu-west-1:895782643746:stage-aws-services-alarms;arn:aws:sns:eu-west-1:895782643746:stage-aws-services-alarms
Redis_dev-redis_low_memory;Redis_dev-redis_low_memory;AWS/ElastiCache;Value=dev-redis,Name=CacheClusterId;Average;FreeableMemory;LessThanThreshold;100000000;60;2;3;null;Bytes;true;arn:aws:sns:eu-west-1:895782643746:stage-aws-services-alarms;arn:aws:sns:eu-west-1:895782643746:stage-aws-services-alarms
Redis_staging-alarms-redis_high-NewConnections;Redis_staging-alarms-redis_high-NewConnections;AWS/ElastiCache;Value=staging-alarms-redis,Name=CacheClusterId;Average;NewConnections;GreaterThanThreshold;100;60;2;3;null;Count;true;arn:aws:sns:eu-west-1:895782643746:stage-aws-services-alarms;arn:aws:sns:eu-west-1:895782643746:stage-aws-services-alarms
Redis_staging-alarms-redis_high-cpu;Redis_staging-alarms-redis_high-cpu;AWS/ElastiCache;Value=staging-alarms-redis,Name=CacheClusterId;Average;CPUUtilization;GreaterThanThreshold;50;60;2;3;null;Percent;true;arn:aws:sns:eu-west-1:895782643746:stage-aws-services-alarms;arn:aws:sns:eu-west-1:895782643746:stage-aws-services-alarms
Redis_staging-alarms-redis_low_memory;Redis_staging-alarms-redis_low_memory;AWS/ElastiCache;Value=staging-alarms-redis,Name=CacheClusterId;Average;FreeableMemory;LessThanThreshold;100000000;60;2;3;null;Bytes;true;arn:aws:sns:eu-west-1:895782643746:stage-aws-services-alarms;arn:aws:sns:eu-west-1:895782643746:stage-aws-services-alarms
Redis_staging-cache-redis_high-NewConnections;Redis_staging-cache-redis_high-NewConnections;AWS/ElastiCache;Value=staging-cache-redis,Name=CacheClusterId;Average;NewConnections;GreaterThanThreshold;100;60;2;3;null;Count;true;arn:aws:sns:eu-west-1:895782643746:stage-aws-services-alarms;arn:aws:sns:eu-west-1:895782643746:stage-aws-services-alarms
Redis_staging-cache-redis_high-cpu;Redis_staging-cache-redis_high-cpu;AWS/ElastiCache;Value=staging-cache-redis,Name=CacheClusterId;Average;CPUUtilization;GreaterThanThreshold;50;60;2;3;null;Percent;true;arn:aws:sns:eu-west-1:895782643746:stage-aws-services-alarms;arn:aws:sns:eu-west-1:895782643746:stage-aws-services-alarms
Redis_staging-cache-redis_low_memory;Redis_staging-cache-redis_low_memory;AWS/ElastiCache;Value=staging-cache-redis,Name=CacheClusterId;Average;FreeableMemory;LessThanThreshold;100000000;60;2;3;null;Bytes;true;arn:aws:sns:eu-west-1:895782643746:stage-aws-services-alarms;arn:aws:sns:eu-west-1:895782643746:stage-aws-services-alarms
Redis_staging-misc-redis_high-NewConnections;Redis_staging-misc-redis_high-NewConnections;AWS/ElastiCache;Value=staging-misc-redis,Name=CacheClusterId;Average;NewConnections;GreaterThanThreshold;100;60;2;3;null;Count;true;arn:aws:sns:eu-west-1:895782643746:stage-aws-services-alarms;arn:aws:sns:eu-west-1:895782643746:stage-aws-services-alarms
Redis_staging-misc-redis_high-cpu;Redis_staging-misc-redis_high-cpu;AWS/ElastiCache;Value=staging-misc-redis,Name=CacheClusterId;Average;CPUUtilization;GreaterThanThreshold;50;60;2;3;null;Percent;true;arn:aws:sns:eu-west-1:895782643746:stage-aws-services-alarms;arn:aws:sns:eu-west-1:895782643746:stage-aws-services-alarms
Redis_staging-misc-redis_low_memory;Redis_staging-misc-redis_low_memory;AWS/ElastiCache;Value=staging-misc-redis,Name=CacheClusterId;Average;FreeableMemory;LessThanThreshold;100000000;60;2;3;null;Bytes;true;arn:aws:sns:eu-west-1:895782643746:stage-aws-services-alarms;arn:aws:sns:eu-west-1:895782643746:stage-aws-services-alarms
Redis_staging-smpp-redis_high-NewConnections;Redis_staging-smpp-redis_high-NewConnections;AWS/ElastiCache;Value=staging-smpp-redis,Name=CacheClusterId;Average;NewConnections;GreaterThanThreshold;100;60;2;3;null;Count;true;arn:aws:sns:eu-west-1:895782643746:stage-aws-services-alarms;arn:aws:sns:eu-west-1:895782643746:stage-aws-services-alarms
Redis_staging-smpp-redis_high-cpu;Redis_staging-smpp-redis_high-cpu;AWS/ElastiCache;Value=staging-smpp-redis,Name=CacheClusterId;Average;CPUUtilization;GreaterThanThreshold;50;60;2;3;null;Percent;true;arn:aws:sns:eu-west-1:895782643746:stage-aws-services-alarms;arn:aws:sns:eu-west-1:895782643746:stage-aws-services-alarms
Redis_staging-smpp-redis_low_memory;Redis_staging-smpp-redis_low_memory;AWS/ElastiCache;Value=staging-smpp-redis,Name=CacheClusterId;Average;FreeableMemory;LessThanThreshold;100000000;60;2;3;null;Bytes;true;arn:aws:sns:eu-west-1:895782643746:stage-aws-services-alarms;arn:aws:sns:eu-west-1:895782643746:stage-aws-services-alarms
Redis_staging-steward-redi_high-NewConnections;Redis_staging-steward-redi_high-NewConnections;AWS/ElastiCache;Value=staging-steward-redi,Name=CacheClusterId;Average;NewConnections;GreaterThanThreshold;100;60;2;3;null;Count;true;arn:aws:sns:eu-west-1:895782643746:stage-aws-services-alarms;arn:aws:sns:eu-west-1:895782643746:stage-aws-services-alarms
Redis_staging-steward-redi_high-cpu;Redis_staging-steward-redi_high-cpu;AWS/ElastiCache;Value=staging-steward-redi,Name=CacheClusterId;Average;CPUUtilization;GreaterThanThreshold;50;60;2;3;null;Percent;true;arn:aws:sns:eu-west-1:895782643746:stage-aws-services-alarms;arn:aws:sns:eu-west-1:895782643746:stage-aws-services-alarms
Redis_staging-steward-redi_low_memory;Redis_staging-steward-redi_low_memory;AWS/ElastiCache;Value=staging-steward-redi,Name=CacheClusterId;Average;FreeableMemory;LessThanThreshold;100000000;60;2;3;null;Bytes;true;arn:aws:sns:eu-west-1:895782643746:stage-aws-services-alarms;arn:aws:sns:eu-west-1:895782643746:stage-aws-services-alarms
Redis_test-anton-cache_high-NewConnections;Redis_test-anton-cache_high-NewConnections;AWS/ElastiCache;Value=test-anton-cache,Name=CacheClusterId;Average;NewConnections;GreaterThanThreshold;100;60;2;3;null;Count;true;arn:aws:sns:eu-west-1:895782643746:stage-aws-services-alarms;arn:aws:sns:eu-west-1:895782643746:stage-aws-services-alarms
Redis_test-anton-cache_high-cpu;Redis_test-anton-cache_high-cpu;AWS/ElastiCache;Value=test-anton-cache,Name=CacheClusterId;Average;CPUUtilization;GreaterThanThreshold;50;60;2;3;null;Percent;true;arn:aws:sns:eu-west-1:895782643746:stage-aws-services-alarms;arn:aws:sns:eu-west-1:895782643746:stage-aws-services-alarms
Redis_test-anton-cache_low_memory;Redis_test-anton-cache_low_memory;AWS/ElastiCache;Value=test-anton-cache,Name=CacheClusterId;Average;FreeableMemory;LessThanThreshold;100000000;60;2;3;null;Bytes;true;arn:aws:sns:eu-west-1:895782643746:stage-aws-services-alarms;arn:aws:sns:eu-west-1:895782643746:stage-aws-services-alarms
SQS_alarm-events-dead_old-messages;SQS_alarm-events-dead_old-messages;AWS/SQS;Value=alarm-events-dead,Name=QueueName;Maximum;ApproximateAgeOfOldestMessage;GreaterThanThreshold;120;60;2;3;null;Seconds;true;arn:aws:sns:eu-west-1:895782643746:stage-aws-services-alarms;arn:aws:sns:eu-west-1:895782643746:stage-aws-services-alarms
SQS_alarm-events-staging-dead_old-messages;SQS_alarm-events-staging-dead_old-messages;AWS/SQS;Value=alarm-events-staging-dead,Name=QueueName;Maximum;ApproximateAgeOfOldestMessage;GreaterThanThreshold;120;60;2;3;null;Seconds;true;arn:aws:sns:eu-west-1:895782643746:stage-aws-services-alarms;arn:aws:sns:eu-west-1:895782643746:stage-aws-services-alarms
SQS_alarm-events-staging_old-messages;SQS_alarm-events-staging_old-messages;AWS/SQS;Value=alarm-events-staging,Name=QueueName;Maximum;ApproximateAgeOfOldestMessage;GreaterThanThreshold;120;60;2;3;null;Seconds;true;arn:aws:sns:eu-west-1:895782643746:stage-aws-services-alarms;arn:aws:sns:eu-west-1:895782643746:stage-aws-services-alarms
SQS_anton-test-gpdr-allqueues.fifo_old-messages;SQS_anton-test-gpdr-allqueues.fifo_old-messages;AWS/SQS;Value=anton-test-gpdr-allqueues.fifo,Name=QueueName;Maximum;ApproximateAgeOfOldestMessage;GreaterThanThreshold;120;60;2;3;null;Seconds;true;arn:aws:sns:eu-west-1:895782643746:stage-aws-services-alarms;arn:aws:sns:eu-west-1:895782643746:stage-aws-services-alarms
SQS_billing-operation-queue-dead_old-messages;SQS_billing-operation-queue-dead_old-messages;AWS/SQS;Value=billing-operation-queue-dead,Name=QueueName;Maximum;ApproximateAgeOfOldestMessage;GreaterThanThreshold;120;60;2;3;null;Seconds;true;arn:aws:sns:eu-west-1:895782643746:stage-aws-services-alarms;arn:aws:sns:eu-west-1:895782643746:stage-aws-services-alarms
SQS_billing-operation-queue_old-messages;SQS_billing-operation-queue_old-messages;AWS/SQS;Value=billing-operation-queue,Name=QueueName;Maximum;ApproximateAgeOfOldestMessage;GreaterThanThreshold;120;60;2;3;null;Seconds;true;arn:aws:sns:eu-west-1:895782643746:stage-aws-services-alarms;arn:aws:sns:eu-west-1:895782643746:stage-aws-services-alarms
SQS_billing_confirm_sms_payment-dev_old-messages;SQS_billing_confirm_sms_payment-dev_old-messages;AWS/SQS;Value=billing_confirm_sms_payment-dev,Name=QueueName;Maximum;ApproximateAgeOfOldestMessage;GreaterThanThreshold;120;60;2;3;null;Seconds;true;arn:aws:sns:eu-west-1:895782643746:stage-aws-services-alarms;arn:aws:sns:eu-west-1:895782643746:stage-aws-services-alarms
SQS_billing_confirm_sms_payment_old-messages;SQS_billing_confirm_sms_payment_old-messages;AWS/SQS;Value=billing_confirm_sms_payment,Name=QueueName;Maximum;ApproximateAgeOfOldestMessage;GreaterThanThreshold;120;60;2;3;null;Seconds;true;arn:aws:sns:eu-west-1:895782643746:stage-aws-services-alarms;arn:aws:sns:eu-west-1:895782643746:stage-aws-services-alarms
SQS_branch-metric-dead.fifo_old-messages;SQS_branch-metric-dead.fifo_old-messages;AWS/SQS;Value=branch-metric-dead.fifo,Name=QueueName;Maximum;ApproximateAgeOfOldestMessage;GreaterThanThreshold;120;60;2;3;null;Seconds;true;arn:aws:sns:eu-west-1:895782643746:stage-aws-services-alarms;arn:aws:sns:eu-west-1:895782643746:stage-aws-services-alarms
SQS_branch-metric.fifo_old-messages;SQS_branch-metric.fifo_old-messages;AWS/SQS;Value=branch-metric.fifo,Name=QueueName;Maximum;ApproximateAgeOfOldestMessage;GreaterThanThreshold;120;60;2;3;null;Seconds;true;arn:aws:sns:eu-west-1:895782643746:stage-aws-services-alarms;arn:aws:sns:eu-west-1:895782643746:stage-aws-services-alarms
SQS_email-delivery-bounces_old-messages;SQS_email-delivery-bounces_old-messages;AWS/SQS;Value=email-delivery-bounces,Name=QueueName;Maximum;ApproximateAgeOfOldestMessage;GreaterThanThreshold;120;60;2;3;null;Seconds;true;arn:aws:sns:eu-west-1:895782643746:stage-aws-services-alarms;arn:aws:sns:eu-west-1:895782643746:stage-aws-services-alarms
SQS_email-delivery-complaints_old-messages;SQS_email-delivery-complaints_old-messages;AWS/SQS;Value=email-delivery-complaints,Name=QueueName;Maximum;ApproximateAgeOfOldestMessage;GreaterThanThreshold;120;60;2;3;null;Seconds;true;arn:aws:sns:eu-west-1:895782643746:stage-aws-services-alarms;arn:aws:sns:eu-west-1:895782643746:stage-aws-services-alarms
SQS_email-dev_old-messages;SQS_email-dev_old-messages;AWS/SQS;Value=email-dev,Name=QueueName;Maximum;ApproximateAgeOfOldestMessage;GreaterThanThreshold;120;60;2;3;null;Seconds;true;arn:aws:sns:eu-west-1:895782643746:stage-aws-services-alarms;arn:aws:sns:eu-west-1:895782643746:stage-aws-services-alarms
SQS_email-service-dead_old-messages;SQS_email-service-dead_old-messages;AWS/SQS;Value=email-service-dead,Name=QueueName;Maximum;ApproximateAgeOfOldestMessage;GreaterThanThreshold;120;60;2;3;null;Seconds;true;arn:aws:sns:eu-west-1:895782643746:stage-aws-services-alarms;arn:aws:sns:eu-west-1:895782643746:stage-aws-services-alarms
SQS_email-service_old-messages;SQS_email-service_old-messages;AWS/SQS;Value=email-service,Name=QueueName;Maximum;ApproximateAgeOfOldestMessage;GreaterThanThreshold;120;60;2;3;null;Seconds;true;arn:aws:sns:eu-west-1:895782643746:stage-aws-services-alarms;arn:aws:sns:eu-west-1:895782643746:stage-aws-services-alarms
SQS_offline-calls-switch-staging-dead_old-messages;SQS_offline-calls-switch-staging-dead_old-messages;AWS/SQS;Value=offline-calls-switch-staging-dead,Name=QueueName;Maximum;ApproximateAgeOfOldestMessage;GreaterThanThreshold;120;60;2;3;null;Seconds;true;arn:aws:sns:eu-west-1:895782643746:stage-aws-services-alarms;arn:aws:sns:eu-west-1:895782643746:stage-aws-services-alarms
SQS_offline-calls-switch-staging_old-messages;SQS_offline-calls-switch-staging_old-messages;AWS/SQS;Value=offline-calls-switch-staging,Name=QueueName;Maximum;ApproximateAgeOfOldestMessage;GreaterThanThreshold;120;60;2;3;null;Seconds;true;arn:aws:sns:eu-west-1:895782643746:stage-aws-services-alarms;arn:aws:sns:eu-west-1:895782643746:stage-aws-services-alarms
SQS_push-service-test-queue-dead_old-messages;SQS_push-service-test-queue-dead_old-messages;AWS/SQS;Value=push-service-test-queue-dead,Name=QueueName;Maximum;ApproximateAgeOfOldestMessage;GreaterThanThreshold;120;60;2;3;null;Seconds;true;arn:aws:sns:eu-west-1:895782643746:stage-aws-services-alarms;arn:aws:sns:eu-west-1:895782643746:stage-aws-services-alarms
SQS_push-service-test-queue_old-messages;SQS_push-service-test-queue_old-messages;AWS/SQS;Value=push-service-test-queue,Name=QueueName;Maximum;ApproximateAgeOfOldestMessage;GreaterThanThreshold;120;60;2;3;null;Seconds;true;arn:aws:sns:eu-west-1:895782643746:stage-aws-services-alarms;arn:aws:sns:eu-west-1:895782643746:stage-aws-services-alarms
SQS_repeat-billing-operation-queue-dead_old-messages;SQS_repeat-billing-operation-queue-dead_old-messages;AWS/SQS;Value=repeat-billing-operation-queue-dead,Name=QueueName;Maximum;ApproximateAgeOfOldestMessage;GreaterThanThreshold;120;60;2;3;null;Seconds;true;arn:aws:sns:eu-west-1:895782643746:stage-aws-services-alarms;arn:aws:sns:eu-west-1:895782643746:stage-aws-services-alarms
SQS_repeat-billing-operation-queue_old-messages;SQS_repeat-billing-operation-queue_old-messages;AWS/SQS;Value=repeat-billing-operation-queue,Name=QueueName;Maximum;ApproximateAgeOfOldestMessage;GreaterThanThreshold;120;60;2;3;null;Seconds;true;arn:aws:sns:eu-west-1:895782643746:stage-aws-services-alarms;arn:aws:sns:eu-west-1:895782643746:stage-aws-services-alarms
SQS_shortcontact-dev_old-messages;SQS_shortcontact-dev_old-messages;AWS/SQS;Value=shortcontact-dev,Name=QueueName;Maximum;ApproximateAgeOfOldestMessage;GreaterThanThreshold;90;60;2;3;null;Seconds;true;arn:aws:sns:eu-west-1:895782643746:stage-aws-services-alarms;arn:aws:sns:eu-west-1:895782643746:stage-aws-services-alarms
SQS_staging-push-events-dead_old-messages;SQS_staging-push-events-dead_old-messages;AWS/SQS;Value=staging-push-events-dead,Name=QueueName;Maximum;ApproximateAgeOfOldestMessage;GreaterThanThreshold;120;60;2;3;null;Seconds;true;arn:aws:sns:eu-west-1:895782643746:stage-aws-services-alarms;arn:aws:sns:eu-west-1:895782643746:stage-aws-services-alarms
SQS_staging-push-events_old-messages;SQS_staging-push-events_old-messages;AWS/SQS;Value=userdata-dev,Name=QueueName;Maximum;ApproximateAgeOfOldestMessage;GreaterThanThreshold;120;60;4;5;null;Seconds;true;arn:aws:sns:eu-west-1:895782643746:stage-aws-services-alarms;arn:aws:sns:eu-west-1:895782643746:stage-aws-services-alarms
SQS_userdata-dev_old-messages;SQS_userdata-dev_old-messages;AWS/SQS;Value=userdata-dev,Name=QueueName;Maximum;ApproximateAgeOfOldestMessage;GreaterThanThreshold;120;60;2;3;null;Seconds;true;arn:aws:sns:eu-west-1:895782643746:stage-aws-services-alarms;arn:aws:sns:eu-west-1:895782643746:stage-aws-services-alarms
